<annotation>
	<folder>DogNoseDataset</folder>
	<filename>n02096294_2306.jpg</filename>
	<path>/Users/seum/Downloads/DogNoseDataset/n02096294_2306.jpg</path>
	<source>
		<database>Unknown</database>
	</source>
	<size>
		<width>386</width>
		<height>500</height>
		<depth>3</depth>
	</size>
	<segmented>0</segmented>
	<object>
		<name>DogNose</name>
		<pose>Unspecified</pose>
		<truncated>0</truncated>
		<difficult>0</difficult>
		<bndbox>
			<xmin>273</xmin>
			<ymin>297</ymin>
			<xmax>332</xmax>
			<ymax>354</ymax>
		</bndbox>
	</object>
</annotation>
