<annotation>
	<folder>DogNoseDataset</folder>
	<filename>n02097047_6884.jpg</filename>
	<path>/Users/seum/Downloads/DogNoseDataset/n02097047_6884.jpg</path>
	<source>
		<database>Unknown</database>
	</source>
	<size>
		<width>334</width>
		<height>500</height>
		<depth>3</depth>
	</size>
	<segmented>0</segmented>
	<object>
		<name>DogNose</name>
		<pose>Unspecified</pose>
		<truncated>0</truncated>
		<difficult>0</difficult>
		<bndbox>
			<xmin>132</xmin>
			<ymin>264</ymin>
			<xmax>182</xmax>
			<ymax>308</ymax>
		</bndbox>
	</object>
</annotation>
