<annotation>
	<folder>DogNoseDataset</folder>
	<filename>n02085620_10976.jpg</filename>
	<path>/Users/seum/Downloads/DogNoseDataset/n02085620_10976.jpg</path>
	<source>
		<database>Unknown</database>
	</source>
	<size>
		<width>322</width>
		<height>484</height>
		<depth>3</depth>
	</size>
	<segmented>0</segmented>
	<object>
		<name>DogNose</name>
		<pose>Unspecified</pose>
		<truncated>0</truncated>
		<difficult>0</difficult>
		<bndbox>
			<xmin>199</xmin>
			<ymin>214</ymin>
			<xmax>219</xmax>
			<ymax>234</ymax>
		</bndbox>
	</object>
</annotation>
