<annotation>
	<folder>DogNoseDataset</folder>
	<filename>n02086910_5017.jpg</filename>
	<path>/Users/seum/Downloads/DogNoseDataset/n02086910_5017.jpg</path>
	<source>
		<database>Unknown</database>
	</source>
	<size>
		<width>200</width>
		<height>200</height>
		<depth>3</depth>
	</size>
	<segmented>0</segmented>
	<object>
		<name>DogNose</name>
		<pose>Unspecified</pose>
		<truncated>0</truncated>
		<difficult>0</difficult>
		<bndbox>
			<xmin>86</xmin>
			<ymin>95</ymin>
			<xmax>108</xmax>
			<ymax>114</ymax>
		</bndbox>
	</object>
</annotation>
