<annotation>
	<folder>DogNoseDataset</folder>
	<filename>n02096177_6555.jpg</filename>
	<path>/Users/seum/Downloads/DogNoseDataset/n02096177_6555.jpg</path>
	<source>
		<database>Unknown</database>
	</source>
	<size>
		<width>450</width>
		<height>338</height>
		<depth>3</depth>
	</size>
	<segmented>0</segmented>
	<object>
		<name>DogNose</name>
		<pose>Unspecified</pose>
		<truncated>0</truncated>
		<difficult>0</difficult>
		<bndbox>
			<xmin>186</xmin>
			<ymin>188</ymin>
			<xmax>246</xmax>
			<ymax>237</ymax>
		</bndbox>
	</object>
</annotation>
