<annotation>
	<folder>DogNoseDataset</folder>
	<filename>n02088364_17474.jpg</filename>
	<path>/Users/seum/Downloads/DogNoseDataset/n02088364_17474.jpg</path>
	<source>
		<database>Unknown</database>
	</source>
	<size>
		<width>500</width>
		<height>492</height>
		<depth>3</depth>
	</size>
	<segmented>0</segmented>
	<object>
		<name>DogNose</name>
		<pose>Unspecified</pose>
		<truncated>0</truncated>
		<difficult>0</difficult>
		<bndbox>
			<xmin>157</xmin>
			<ymin>244</ymin>
			<xmax>220</xmax>
			<ymax>287</ymax>
		</bndbox>
	</object>
</annotation>
