<annotation>
	<folder>DogNoseDataset</folder>
	<filename>n02086646_4148.jpg</filename>
	<path>/Users/seum/Downloads/DogNoseDataset/n02086646_4148.jpg</path>
	<source>
		<database>Unknown</database>
	</source>
	<size>
		<width>350</width>
		<height>321</height>
		<depth>3</depth>
	</size>
	<segmented>0</segmented>
	<object>
		<name>DogNose</name>
		<pose>Unspecified</pose>
		<truncated>0</truncated>
		<difficult>0</difficult>
		<bndbox>
			<xmin>196</xmin>
			<ymin>175</ymin>
			<xmax>230</xmax>
			<ymax>206</ymax>
		</bndbox>
	</object>
</annotation>
