<annotation>
	<folder>DogNoseDataset</folder>
	<filename>n02097209_2924.jpg</filename>
	<path>/Users/seum/Downloads/DogNoseDataset/n02097209_2924.jpg</path>
	<source>
		<database>Unknown</database>
	</source>
	<size>
		<width>316</width>
		<height>360</height>
		<depth>3</depth>
	</size>
	<segmented>0</segmented>
	<object>
		<name>DogNose</name>
		<pose>Unspecified</pose>
		<truncated>0</truncated>
		<difficult>0</difficult>
		<bndbox>
			<xmin>133</xmin>
			<ymin>201</ymin>
			<xmax>181</xmax>
			<ymax>242</ymax>
		</bndbox>
	</object>
</annotation>
