<annotation>
	<folder>DogNoseDataset</folder>
	<filename>n02096177_1362.jpg</filename>
	<path>/Users/seum/Downloads/DogNoseDataset/n02096177_1362.jpg</path>
	<source>
		<database>Unknown</database>
	</source>
	<size>
		<width>500</width>
		<height>430</height>
		<depth>3</depth>
	</size>
	<segmented>0</segmented>
	<object>
		<name>DogNose</name>
		<pose>Unspecified</pose>
		<truncated>0</truncated>
		<difficult>0</difficult>
		<bndbox>
			<xmin>164</xmin>
			<ymin>295</ymin>
			<xmax>238</xmax>
			<ymax>355</ymax>
		</bndbox>
	</object>
</annotation>
