<annotation>
	<folder>DogNoseDataset</folder>
	<filename>n02096585_6940.jpg</filename>
	<path>/Users/seum/Downloads/DogNoseDataset/n02096585_6940.jpg</path>
	<source>
		<database>Unknown</database>
	</source>
	<size>
		<width>236</width>
		<height>354</height>
		<depth>3</depth>
	</size>
	<segmented>0</segmented>
	<object>
		<name>DogNose</name>
		<pose>Unspecified</pose>
		<truncated>0</truncated>
		<difficult>0</difficult>
		<bndbox>
			<xmin>51</xmin>
			<ymin>166</ymin>
			<xmax>96</xmax>
			<ymax>201</ymax>
		</bndbox>
	</object>
</annotation>
