<annotation>
	<folder>DogNoseDataset</folder>
	<filename>n02098286_2895.jpg</filename>
	<path>/Users/seum/Downloads/DogNoseDataset/n02098286_2895.jpg</path>
	<source>
		<database>Unknown</database>
	</source>
	<size>
		<width>441</width>
		<height>500</height>
		<depth>3</depth>
	</size>
	<segmented>0</segmented>
	<object>
		<name>DogNose</name>
		<pose>Unspecified</pose>
		<truncated>0</truncated>
		<difficult>0</difficult>
		<bndbox>
			<xmin>190</xmin>
			<ymin>368</ymin>
			<xmax>253</xmax>
			<ymax>422</ymax>
		</bndbox>
	</object>
</annotation>
