<annotation>
	<folder>DogNoseDataset</folder>
	<filename>n02094433_2776.jpg</filename>
	<path>/Users/seum/Downloads/DogNoseDataset/n02094433_2776.jpg</path>
	<source>
		<database>Unknown</database>
	</source>
	<size>
		<width>190</width>
		<height>259</height>
		<depth>3</depth>
	</size>
	<segmented>0</segmented>
	<object>
		<name>DogNose</name>
		<pose>Unspecified</pose>
		<truncated>0</truncated>
		<difficult>0</difficult>
		<bndbox>
			<xmin>79</xmin>
			<ymin>150</ymin>
			<xmax>109</xmax>
			<ymax>174</ymax>
		</bndbox>
	</object>
</annotation>
