<annotation>
	<folder>DogNoseDataset</folder>
	<filename>n02097047_951.jpg</filename>
	<path>/Users/seum/Downloads/DogNoseDataset/n02097047_951.jpg</path>
	<source>
		<database>Unknown</database>
	</source>
	<size>
		<width>363</width>
		<height>432</height>
		<depth>3</depth>
	</size>
	<segmented>0</segmented>
	<object>
		<name>DogNose</name>
		<pose>Unspecified</pose>
		<truncated>0</truncated>
		<difficult>0</difficult>
		<bndbox>
			<xmin>124</xmin>
			<ymin>261</ymin>
			<xmax>194</xmax>
			<ymax>323</ymax>
		</bndbox>
	</object>
</annotation>
