<annotation>
	<folder>DogNoseDataset</folder>
	<filename>n02088364_13464.jpg</filename>
	<path>/Users/seum/Downloads/DogNoseDataset/n02088364_13464.jpg</path>
	<source>
		<database>Unknown</database>
	</source>
	<size>
		<width>432</width>
		<height>500</height>
		<depth>3</depth>
	</size>
	<segmented>0</segmented>
	<object>
		<name>DogNose</name>
		<pose>Unspecified</pose>
		<truncated>0</truncated>
		<difficult>0</difficult>
		<bndbox>
			<xmin>245</xmin>
			<ymin>198</ymin>
			<xmax>298</xmax>
			<ymax>242</ymax>
		</bndbox>
	</object>
</annotation>
