<annotation>
	<folder>DogNoseDataset</folder>
	<filename>n02088364_4527.jpg</filename>
	<path>/Users/seum/Downloads/DogNoseDataset/n02088364_4527.jpg</path>
	<source>
		<database>Unknown</database>
	</source>
	<size>
		<width>360</width>
		<height>337</height>
		<depth>3</depth>
	</size>
	<segmented>0</segmented>
	<object>
		<name>DogNose</name>
		<pose>Unspecified</pose>
		<truncated>0</truncated>
		<difficult>0</difficult>
		<bndbox>
			<xmin>186</xmin>
			<ymin>153</ymin>
			<xmax>234</xmax>
			<ymax>186</ymax>
		</bndbox>
	</object>
</annotation>
