<annotation>
	<folder>DogNoseDataset</folder>
	<filename>n02096585_1756.jpg</filename>
	<path>/Users/seum/Downloads/DogNoseDataset/n02096585_1756.jpg</path>
	<source>
		<database>Unknown</database>
	</source>
	<size>
		<width>500</width>
		<height>375</height>
		<depth>3</depth>
	</size>
	<segmented>0</segmented>
	<object>
		<name>DogNose</name>
		<pose>Unspecified</pose>
		<truncated>0</truncated>
		<difficult>0</difficult>
		<bndbox>
			<xmin>196</xmin>
			<ymin>171</ymin>
			<xmax>269</xmax>
			<ymax>229</ymax>
		</bndbox>
	</object>
</annotation>
