<annotation>
	<folder>DogNoseDataset</folder>
	<filename>n02099429_3188.jpg</filename>
	<path>/Users/seum/Downloads/DogNoseDataset/n02099429_3188.jpg</path>
	<source>
		<database>Unknown</database>
	</source>
	<size>
		<width>519</width>
		<height>700</height>
		<depth>3</depth>
	</size>
	<segmented>0</segmented>
	<object>
		<name>DogNose</name>
		<pose>Unspecified</pose>
		<truncated>0</truncated>
		<difficult>0</difficult>
		<bndbox>
			<xmin>42</xmin>
			<ymin>157</ymin>
			<xmax>116</xmax>
			<ymax>229</ymax>
		</bndbox>
	</object>
</annotation>
