<annotation>
	<folder>DogNoseDataset</folder>
	<filename>n02096437_1456.jpg</filename>
	<path>/Users/seum/Downloads/DogNoseDataset/n02096437_1456.jpg</path>
	<source>
		<database>Unknown</database>
	</source>
	<size>
		<width>220</width>
		<height>220</height>
		<depth>3</depth>
	</size>
	<segmented>0</segmented>
	<object>
		<name>DogNose</name>
		<pose>Unspecified</pose>
		<truncated>0</truncated>
		<difficult>0</difficult>
		<bndbox>
			<xmin>77</xmin>
			<ymin>106</ymin>
			<xmax>106</xmax>
			<ymax>132</ymax>
		</bndbox>
	</object>
</annotation>
