<annotation>
	<folder>DogNoseDataset</folder>
	<filename>n02092002_759.jpg</filename>
	<path>/Users/seum/Downloads/DogNoseDataset/n02092002_759.jpg</path>
	<source>
		<database>Unknown</database>
	</source>
	<size>
		<width>200</width>
		<height>218</height>
		<depth>3</depth>
	</size>
	<segmented>0</segmented>
	<object>
		<name>DogNose</name>
		<pose>Unspecified</pose>
		<truncated>0</truncated>
		<difficult>0</difficult>
		<bndbox>
			<xmin>76</xmin>
			<ymin>187</ymin>
			<xmax>109</xmax>
			<ymax>208</ymax>
		</bndbox>
	</object>
</annotation>
