<annotation>
	<folder>DogNoseDataset</folder>
	<filename>n02085782_564.jpg</filename>
	<path>/Users/seum/Downloads/DogNoseDataset/n02085782_564.jpg</path>
	<source>
		<database>Unknown</database>
	</source>
	<size>
		<width>290</width>
		<height>290</height>
		<depth>3</depth>
	</size>
	<segmented>0</segmented>
	<object>
		<name>DogNose</name>
		<pose>Unspecified</pose>
		<truncated>0</truncated>
		<difficult>0</difficult>
		<bndbox>
			<xmin>138</xmin>
			<ymin>120</ymin>
			<xmax>162</xmax>
			<ymax>138</ymax>
		</bndbox>
	</object>
</annotation>
