<annotation>
	<folder>DogNoseDataset</folder>
	<filename>n02085782_1434.jpg</filename>
	<path>/Users/seum/Downloads/DogNoseDataset/n02085782_1434.jpg</path>
	<source>
		<database>Unknown</database>
	</source>
	<size>
		<width>320</width>
		<height>343</height>
		<depth>3</depth>
	</size>
	<segmented>0</segmented>
	<object>
		<name>DogNose</name>
		<pose>Unspecified</pose>
		<truncated>0</truncated>
		<difficult>0</difficult>
		<bndbox>
			<xmin>191</xmin>
			<ymin>76</ymin>
			<xmax>211</xmax>
			<ymax>89</ymax>
		</bndbox>
	</object>
</annotation>
