<annotation>
	<folder>DogNoseDataset</folder>
	<filename>n02091244_2118.jpg</filename>
	<path>/Users/seum/Downloads/DogNoseDataset/n02091244_2118.jpg</path>
	<source>
		<database>Unknown</database>
	</source>
	<size>
		<width>423</width>
		<height>500</height>
		<depth>3</depth>
	</size>
	<segmented>0</segmented>
	<object>
		<name>DogNose</name>
		<pose>Unspecified</pose>
		<truncated>0</truncated>
		<difficult>0</difficult>
		<bndbox>
			<xmin>250</xmin>
			<ymin>363</ymin>
			<xmax>314</xmax>
			<ymax>416</ymax>
		</bndbox>
	</object>
</annotation>
