<annotation>
	<folder>DogNoseDataset</folder>
	<filename>n02092339_2885.jpg</filename>
	<path>/Users/seum/Downloads/DogNoseDataset/n02092339_2885.jpg</path>
	<source>
		<database>Unknown</database>
	</source>
	<size>
		<width>500</width>
		<height>441</height>
		<depth>3</depth>
	</size>
	<segmented>0</segmented>
	<object>
		<name>DogNose</name>
		<pose>Unspecified</pose>
		<truncated>0</truncated>
		<difficult>0</difficult>
		<bndbox>
			<xmin>236</xmin>
			<ymin>290</ymin>
			<xmax>329</xmax>
			<ymax>366</ymax>
		</bndbox>
	</object>
</annotation>
