<annotation>
	<folder>DogNoseDataset</folder>
	<filename>n02099267_5427.jpg</filename>
	<path>/Users/seum/Downloads/DogNoseDataset/n02099267_5427.jpg</path>
	<source>
		<database>Unknown</database>
	</source>
	<size>
		<width>370</width>
		<height>500</height>
		<depth>3</depth>
	</size>
	<segmented>0</segmented>
	<object>
		<name>DogNose</name>
		<pose>Unspecified</pose>
		<truncated>0</truncated>
		<difficult>0</difficult>
		<bndbox>
			<xmin>178</xmin>
			<ymin>173</ymin>
			<xmax>233</xmax>
			<ymax>222</ymax>
		</bndbox>
	</object>
</annotation>
