<annotation>
	<folder>DogNoseDataset</folder>
	<filename>n02099267_1533.jpg</filename>
	<path>/Users/seum/Downloads/DogNoseDataset/n02099267_1533.jpg</path>
	<source>
		<database>Unknown</database>
	</source>
	<size>
		<width>500</width>
		<height>377</height>
		<depth>3</depth>
	</size>
	<segmented>0</segmented>
	<object>
		<name>DogNose</name>
		<pose>Unspecified</pose>
		<truncated>0</truncated>
		<difficult>0</difficult>
		<bndbox>
			<xmin>165</xmin>
			<ymin>153</ymin>
			<xmax>221</xmax>
			<ymax>192</ymax>
		</bndbox>
	</object>
</annotation>
