<annotation>
	<folder>DogNoseDataset</folder>
	<filename>n02095889_25.jpg</filename>
	<path>/Users/seum/Downloads/DogNoseDataset/n02095889_25.jpg</path>
	<source>
		<database>Unknown</database>
	</source>
	<size>
		<width>300</width>
		<height>226</height>
		<depth>3</depth>
	</size>
	<segmented>0</segmented>
	<object>
		<name>DogNose</name>
		<pose>Unspecified</pose>
		<truncated>0</truncated>
		<difficult>0</difficult>
		<bndbox>
			<xmin>231</xmin>
			<ymin>95</ymin>
			<xmax>264</xmax>
			<ymax>127</ymax>
		</bndbox>
	</object>
</annotation>
