<annotation>
	<folder>DogNoseDataset</folder>
	<filename>n02099712_5844.jpg</filename>
	<path>/Users/seum/Downloads/DogNoseDataset/n02099712_5844.jpg</path>
	<source>
		<database>Unknown</database>
	</source>
	<size>
		<width>650</width>
		<height>488</height>
		<depth>3</depth>
	</size>
	<segmented>0</segmented>
	<object>
		<name>DogNose</name>
		<pose>Unspecified</pose>
		<truncated>0</truncated>
		<difficult>0</difficult>
		<bndbox>
			<xmin>211</xmin>
			<ymin>234</ymin>
			<xmax>287</xmax>
			<ymax>301</ymax>
		</bndbox>
	</object>
</annotation>
