<annotation>
	<folder>DogNoseDataset</folder>
	<filename>n02086240_4127.jpg</filename>
	<path>/Users/seum/Downloads/DogNoseDataset/n02086240_4127.jpg</path>
	<source>
		<database>Unknown</database>
	</source>
	<size>
		<width>425</width>
		<height>480</height>
		<depth>3</depth>
	</size>
	<segmented>0</segmented>
	<object>
		<name>DogNose</name>
		<pose>Unspecified</pose>
		<truncated>0</truncated>
		<difficult>0</difficult>
		<bndbox>
			<xmin>201</xmin>
			<ymin>101</ymin>
			<xmax>241</xmax>
			<ymax>130</ymax>
		</bndbox>
	</object>
</annotation>
