<annotation>
	<folder>DogNoseDataset</folder>
	<filename>n02091467_4842.jpg</filename>
	<path>/Users/seum/Downloads/DogNoseDataset/n02091467_4842.jpg</path>
	<source>
		<database>Unknown</database>
	</source>
	<size>
		<width>361</width>
		<height>500</height>
		<depth>3</depth>
	</size>
	<segmented>0</segmented>
	<object>
		<name>DogNose</name>
		<pose>Unspecified</pose>
		<truncated>0</truncated>
		<difficult>0</difficult>
		<bndbox>
			<xmin>177</xmin>
			<ymin>255</ymin>
			<xmax>227</xmax>
			<ymax>295</ymax>
		</bndbox>
	</object>
</annotation>
