<annotation>
	<folder>DogNoseDataset</folder>
	<filename>n02099429_2227.jpg</filename>
	<path>/Users/seum/Downloads/DogNoseDataset/n02099429_2227.jpg</path>
	<source>
		<database>Unknown</database>
	</source>
	<size>
		<width>397</width>
		<height>547</height>
		<depth>3</depth>
	</size>
	<segmented>0</segmented>
	<object>
		<name>DogNose</name>
		<pose>Unspecified</pose>
		<truncated>0</truncated>
		<difficult>0</difficult>
		<bndbox>
			<xmin>168</xmin>
			<ymin>222</ymin>
			<xmax>238</xmax>
			<ymax>281</ymax>
		</bndbox>
	</object>
</annotation>
