<annotation>
	<folder>DogNoseDataset</folder>
	<filename>n02085936_4004.jpg</filename>
	<path>/Users/seum/Downloads/DogNoseDataset/n02085936_4004.jpg</path>
	<source>
		<database>Unknown</database>
	</source>
	<size>
		<width>400</width>
		<height>500</height>
		<depth>3</depth>
	</size>
	<segmented>0</segmented>
	<object>
		<name>DogNose</name>
		<pose>Unspecified</pose>
		<truncated>0</truncated>
		<difficult>0</difficult>
		<bndbox>
			<xmin>180</xmin>
			<ymin>184</ymin>
			<xmax>232</xmax>
			<ymax>225</ymax>
		</bndbox>
	</object>
</annotation>
