<annotation>
	<folder>DogNoseDataset</folder>
	<filename>n02098286_696.jpg</filename>
	<path>/Users/seum/Downloads/DogNoseDataset/n02098286_696.jpg</path>
	<source>
		<database>Unknown</database>
	</source>
	<size>
		<width>500</width>
		<height>333</height>
		<depth>3</depth>
	</size>
	<segmented>0</segmented>
	<object>
		<name>DogNose</name>
		<pose>Unspecified</pose>
		<truncated>0</truncated>
		<difficult>0</difficult>
		<bndbox>
			<xmin>147</xmin>
			<ymin>251</ymin>
			<xmax>206</xmax>
			<ymax>307</ymax>
		</bndbox>
	</object>
</annotation>
