<annotation>
	<folder>DogNoseDataset</folder>
	<filename>n02085782_4564.jpg</filename>
	<path>/Users/seum/Downloads/DogNoseDataset/n02085782_4564.jpg</path>
	<source>
		<database>Unknown</database>
	</source>
	<size>
		<width>200</width>
		<height>168</height>
		<depth>3</depth>
	</size>
	<segmented>0</segmented>
	<object>
		<name>DogNose</name>
		<pose>Unspecified</pose>
		<truncated>0</truncated>
		<difficult>0</difficult>
		<bndbox>
			<xmin>75</xmin>
			<ymin>45</ymin>
			<xmax>89</xmax>
			<ymax>53</ymax>
		</bndbox>
	</object>
</annotation>
