<annotation>
	<folder>DogNoseDataset</folder>
	<filename>n02086646_2700.jpg</filename>
	<path>/Users/seum/Downloads/DogNoseDataset/n02086646_2700.jpg</path>
	<source>
		<database>Unknown</database>
	</source>
	<size>
		<width>300</width>
		<height>258</height>
		<depth>3</depth>
	</size>
	<segmented>0</segmented>
	<object>
		<name>DogNose</name>
		<pose>Unspecified</pose>
		<truncated>0</truncated>
		<difficult>0</difficult>
		<bndbox>
			<xmin>131</xmin>
			<ymin>76</ymin>
			<xmax>163</xmax>
			<ymax>107</ymax>
		</bndbox>
	</object>
</annotation>
