<annotation>
	<folder>DogNoseDataset</folder>
	<filename>n02096585_8203.jpg</filename>
	<path>/Users/seum/Downloads/DogNoseDataset/n02096585_8203.jpg</path>
	<source>
		<database>Unknown</database>
	</source>
	<size>
		<width>333</width>
		<height>500</height>
		<depth>3</depth>
	</size>
	<segmented>0</segmented>
	<object>
		<name>DogNose</name>
		<pose>Unspecified</pose>
		<truncated>0</truncated>
		<difficult>0</difficult>
		<bndbox>
			<xmin>104</xmin>
			<ymin>271</ymin>
			<xmax>174</xmax>
			<ymax>320</ymax>
		</bndbox>
	</object>
</annotation>
