<annotation>
	<folder>DogNoseDataset</folder>
	<filename>n02088632_1541.jpg</filename>
	<path>/Users/seum/Downloads/DogNoseDataset/n02088632_1541.jpg</path>
	<source>
		<database>Unknown</database>
	</source>
	<size>
		<width>461</width>
		<height>500</height>
		<depth>3</depth>
	</size>
	<segmented>0</segmented>
	<object>
		<name>DogNose</name>
		<pose>Unspecified</pose>
		<truncated>0</truncated>
		<difficult>0</difficult>
		<bndbox>
			<xmin>168</xmin>
			<ymin>232</ymin>
			<xmax>262</xmax>
			<ymax>310</ymax>
		</bndbox>
	</object>
</annotation>
