<annotation>
	<folder>DogNoseDataset</folder>
	<filename>n02096437_1219.jpg</filename>
	<path>/Users/seum/Downloads/DogNoseDataset/n02096437_1219.jpg</path>
	<source>
		<database>Unknown</database>
	</source>
	<size>
		<width>452</width>
		<height>600</height>
		<depth>3</depth>
	</size>
	<segmented>0</segmented>
	<object>
		<name>DogNose</name>
		<pose>Unspecified</pose>
		<truncated>0</truncated>
		<difficult>0</difficult>
		<bndbox>
			<xmin>222</xmin>
			<ymin>350</ymin>
			<xmax>288</xmax>
			<ymax>401</ymax>
		</bndbox>
	</object>
</annotation>
