<annotation>
	<folder>DogNoseDataset</folder>
	<filename>n02087046_178.jpg</filename>
	<path>/Users/seum/Downloads/DogNoseDataset/n02087046_178.jpg</path>
	<source>
		<database>Unknown</database>
	</source>
	<size>
		<width>216</width>
		<height>198</height>
		<depth>3</depth>
	</size>
	<segmented>0</segmented>
	<object>
		<name>DogNose</name>
		<pose>Unspecified</pose>
		<truncated>0</truncated>
		<difficult>0</difficult>
		<bndbox>
			<xmin>71</xmin>
			<ymin>73</ymin>
			<xmax>90</xmax>
			<ymax>87</ymax>
		</bndbox>
	</object>
</annotation>
