<annotation>
	<folder>DogNoseDataset</folder>
	<filename>n02098105_196.jpg</filename>
	<path>/Users/seum/Downloads/DogNoseDataset/n02098105_196.jpg</path>
	<source>
		<database>Unknown</database>
	</source>
	<size>
		<width>375</width>
		<height>500</height>
		<depth>3</depth>
	</size>
	<segmented>0</segmented>
	<object>
		<name>DogNose</name>
		<pose>Unspecified</pose>
		<truncated>0</truncated>
		<difficult>0</difficult>
		<bndbox>
			<xmin>114</xmin>
			<ymin>148</ymin>
			<xmax>169</xmax>
			<ymax>193</ymax>
		</bndbox>
	</object>
</annotation>
