<annotation>
	<folder>DogNoseDataset</folder>
	<filename>n02096585_2947.jpg</filename>
	<path>/Users/seum/Downloads/DogNoseDataset/n02096585_2947.jpg</path>
	<source>
		<database>Unknown</database>
	</source>
	<size>
		<width>500</width>
		<height>334</height>
		<depth>3</depth>
	</size>
	<segmented>0</segmented>
	<object>
		<name>DogNose</name>
		<pose>Unspecified</pose>
		<truncated>0</truncated>
		<difficult>0</difficult>
		<bndbox>
			<xmin>211</xmin>
			<ymin>165</ymin>
			<xmax>289</xmax>
			<ymax>208</ymax>
		</bndbox>
	</object>
</annotation>
