<annotation>
	<folder>DogNoseDataset</folder>
	<filename>n02096294_8467.jpg</filename>
	<path>/Users/seum/Downloads/DogNoseDataset/n02096294_8467.jpg</path>
	<source>
		<database>Unknown</database>
	</source>
	<size>
		<width>500</width>
		<height>368</height>
		<depth>3</depth>
	</size>
	<segmented>0</segmented>
	<object>
		<name>DogNose</name>
		<pose>Unspecified</pose>
		<truncated>0</truncated>
		<difficult>0</difficult>
		<bndbox>
			<xmin>353</xmin>
			<ymin>222</ymin>
			<xmax>414</xmax>
			<ymax>280</ymax>
		</bndbox>
	</object>
</annotation>
