<annotation>
	<folder>DogNoseDataset</folder>
	<filename>n02093428_1070.jpg</filename>
	<path>/Users/seum/Downloads/DogNoseDataset/n02093428_1070.jpg</path>
	<source>
		<database>Unknown</database>
	</source>
	<size>
		<width>500</width>
		<height>332</height>
		<depth>3</depth>
	</size>
	<segmented>0</segmented>
	<object>
		<name>DogNose</name>
		<pose>Unspecified</pose>
		<truncated>0</truncated>
		<difficult>0</difficult>
		<bndbox>
			<xmin>194</xmin>
			<ymin>137</ymin>
			<xmax>258</xmax>
			<ymax>189</ymax>
		</bndbox>
	</object>
</annotation>
