<annotation>
	<folder>DogNoseDataset</folder>
	<filename>n02095570_3527.jpg</filename>
	<path>/Users/seum/Downloads/DogNoseDataset/n02095570_3527.jpg</path>
	<source>
		<database>Unknown</database>
	</source>
	<size>
		<width>500</width>
		<height>375</height>
		<depth>3</depth>
	</size>
	<segmented>0</segmented>
	<object>
		<name>DogNose</name>
		<pose>Unspecified</pose>
		<truncated>0</truncated>
		<difficult>0</difficult>
		<bndbox>
			<xmin>156</xmin>
			<ymin>150</ymin>
			<xmax>225</xmax>
			<ymax>211</ymax>
		</bndbox>
	</object>
</annotation>
