<annotation>
	<folder>DogNoseDataset</folder>
	<filename>n02099712_8790.jpg</filename>
	<path>/Users/seum/Downloads/DogNoseDataset/n02099712_8790.jpg</path>
	<source>
		<database>Unknown</database>
	</source>
	<size>
		<width>450</width>
		<height>456</height>
		<depth>3</depth>
	</size>
	<segmented>0</segmented>
	<object>
		<name>DogNose</name>
		<pose>Unspecified</pose>
		<truncated>0</truncated>
		<difficult>0</difficult>
		<bndbox>
			<xmin>237</xmin>
			<ymin>204</ymin>
			<xmax>322</xmax>
			<ymax>293</ymax>
		</bndbox>
	</object>
</annotation>
