<annotation>
	<folder>DogNoseDataset</folder>
	<filename>n02092339_1331.jpg</filename>
	<path>/Users/seum/Downloads/DogNoseDataset/n02092339_1331.jpg</path>
	<source>
		<database>Unknown</database>
	</source>
	<size>
		<width>500</width>
		<height>431</height>
		<depth>3</depth>
	</size>
	<segmented>0</segmented>
	<object>
		<name>DogNose</name>
		<pose>Unspecified</pose>
		<truncated>0</truncated>
		<difficult>0</difficult>
		<bndbox>
			<xmin>148</xmin>
			<ymin>248</ymin>
			<xmax>239</xmax>
			<ymax>327</ymax>
		</bndbox>
	</object>
</annotation>
