<annotation>
	<folder>DogNoseDataset</folder>
	<filename>n02096294_1653.jpg</filename>
	<path>/Users/seum/Downloads/DogNoseDataset/n02096294_1653.jpg</path>
	<source>
		<database>Unknown</database>
	</source>
	<size>
		<width>350</width>
		<height>263</height>
		<depth>3</depth>
	</size>
	<segmented>0</segmented>
	<object>
		<name>DogNose</name>
		<pose>Unspecified</pose>
		<truncated>0</truncated>
		<difficult>0</difficult>
		<bndbox>
			<xmin>185</xmin>
			<ymin>160</ymin>
			<xmax>223</xmax>
			<ymax>196</ymax>
		</bndbox>
	</object>
</annotation>
