<annotation>
	<folder>DogNoseDataset</folder>
	<filename>n02099712_2234.jpg</filename>
	<path>/Users/seum/Downloads/DogNoseDataset/n02099712_2234.jpg</path>
	<source>
		<database>Unknown</database>
	</source>
	<size>
		<width>374</width>
		<height>500</height>
		<depth>3</depth>
	</size>
	<segmented>0</segmented>
	<object>
		<name>DogNose</name>
		<pose>Unspecified</pose>
		<truncated>0</truncated>
		<difficult>0</difficult>
		<bndbox>
			<xmin>79</xmin>
			<ymin>232</ymin>
			<xmax>158</xmax>
			<ymax>295</ymax>
		</bndbox>
	</object>
</annotation>
