<annotation>
	<folder>DogNoseDataset</folder>
	<filename>n02096177_11295.jpg</filename>
	<path>/Users/seum/Downloads/DogNoseDataset/n02096177_11295.jpg</path>
	<source>
		<database>Unknown</database>
	</source>
	<size>
		<width>375</width>
		<height>500</height>
		<depth>3</depth>
	</size>
	<segmented>0</segmented>
	<object>
		<name>DogNose</name>
		<pose>Unspecified</pose>
		<truncated>0</truncated>
		<difficult>0</difficult>
		<bndbox>
			<xmin>53</xmin>
			<ymin>187</ymin>
			<xmax>98</xmax>
			<ymax>224</ymax>
		</bndbox>
	</object>
</annotation>
