<annotation>
	<folder>DogNoseDataset</folder>
	<filename>n02099601_5160.jpg</filename>
	<path>/Users/seum/Downloads/DogNoseDataset/n02099601_5160.jpg</path>
	<source>
		<database>Unknown</database>
	</source>
	<size>
		<width>500</width>
		<height>357</height>
		<depth>3</depth>
	</size>
	<segmented>0</segmented>
	<object>
		<name>DogNose</name>
		<pose>Unspecified</pose>
		<truncated>0</truncated>
		<difficult>0</difficult>
		<bndbox>
			<xmin>210</xmin>
			<ymin>164</ymin>
			<xmax>288</xmax>
			<ymax>247</ymax>
		</bndbox>
	</object>
</annotation>
