<annotation>
	<folder>DogNoseDataset</folder>
	<filename>n02086240_6323.jpg</filename>
	<path>/Users/seum/Downloads/DogNoseDataset/n02086240_6323.jpg</path>
	<source>
		<database>Unknown</database>
	</source>
	<size>
		<width>500</width>
		<height>475</height>
		<depth>3</depth>
	</size>
	<segmented>0</segmented>
	<object>
		<name>DogNose</name>
		<pose>Unspecified</pose>
		<truncated>0</truncated>
		<difficult>0</difficult>
		<bndbox>
			<xmin>237</xmin>
			<ymin>202</ymin>
			<xmax>280</xmax>
			<ymax>241</ymax>
		</bndbox>
	</object>
</annotation>
