<annotation>
	<folder>DogNoseDataset</folder>
	<filename>n02085620_4919.jpg</filename>
	<path>/Users/seum/Downloads/DogNoseDataset/n02085620_4919.jpg</path>
	<source>
		<database>Unknown</database>
	</source>
	<size>
		<width>240</width>
		<height>206</height>
		<depth>3</depth>
	</size>
	<segmented>0</segmented>
	<object>
		<name>DogNose</name>
		<pose>Unspecified</pose>
		<truncated>0</truncated>
		<difficult>0</difficult>
		<bndbox>
			<xmin>71</xmin>
			<ymin>125</ymin>
			<xmax>103</xmax>
			<ymax>152</ymax>
		</bndbox>
	</object>
</annotation>
