<annotation>
	<folder>DogNoseDataset</folder>
	<filename>n02098286_5902.jpg</filename>
	<path>/Users/seum/Downloads/DogNoseDataset/n02098286_5902.jpg</path>
	<source>
		<database>Unknown</database>
	</source>
	<size>
		<width>240</width>
		<height>242</height>
		<depth>3</depth>
	</size>
	<segmented>0</segmented>
	<object>
		<name>DogNose</name>
		<pose>Unspecified</pose>
		<truncated>0</truncated>
		<difficult>0</difficult>
		<bndbox>
			<xmin>117</xmin>
			<ymin>106</ymin>
			<xmax>143</xmax>
			<ymax>128</ymax>
		</bndbox>
	</object>
</annotation>
