<annotation>
	<folder>DogNoseDataset</folder>
	<filename>n02097298_2998.jpg</filename>
	<path>/Users/seum/Downloads/DogNoseDataset/n02097298_2998.jpg</path>
	<source>
		<database>Unknown</database>
	</source>
	<size>
		<width>322</width>
		<height>360</height>
		<depth>3</depth>
	</size>
	<segmented>0</segmented>
	<object>
		<name>DogNose</name>
		<pose>Unspecified</pose>
		<truncated>0</truncated>
		<difficult>0</difficult>
		<bndbox>
			<xmin>163</xmin>
			<ymin>244</ymin>
			<xmax>202</xmax>
			<ymax>266</ymax>
		</bndbox>
	</object>
</annotation>
