<annotation>
	<folder>DogNoseDataset</folder>
	<filename>n02099601_2422.jpg</filename>
	<path>/Users/seum/Downloads/DogNoseDataset/n02099601_2422.jpg</path>
	<source>
		<database>Unknown</database>
	</source>
	<size>
		<width>282</width>
		<height>424</height>
		<depth>3</depth>
	</size>
	<segmented>0</segmented>
	<object>
		<name>DogNose</name>
		<pose>Unspecified</pose>
		<truncated>0</truncated>
		<difficult>0</difficult>
		<bndbox>
			<xmin>130</xmin>
			<ymin>122</ymin>
			<xmax>180</xmax>
			<ymax>164</ymax>
		</bndbox>
	</object>
</annotation>
