<annotation>
	<folder>DogNoseDataset</folder>
	<filename>n02094258_1404.jpg</filename>
	<path>/Users/seum/Downloads/DogNoseDataset/n02094258_1404.jpg</path>
	<source>
		<database>Unknown</database>
	</source>
	<size>
		<width>500</width>
		<height>499</height>
		<depth>3</depth>
	</size>
	<segmented>0</segmented>
	<object>
		<name>DogNose</name>
		<pose>Unspecified</pose>
		<truncated>0</truncated>
		<difficult>0</difficult>
		<bndbox>
			<xmin>233</xmin>
			<ymin>248</ymin>
			<xmax>285</xmax>
			<ymax>303</ymax>
		</bndbox>
	</object>
</annotation>
