<annotation>
	<folder>DogNoseDataset</folder>
	<filename>n02098105_3855.jpg</filename>
	<path>/Users/seum/Downloads/DogNoseDataset/n02098105_3855.jpg</path>
	<source>
		<database>Unknown</database>
	</source>
	<size>
		<width>475</width>
		<height>475</height>
		<depth>3</depth>
	</size>
	<segmented>0</segmented>
	<object>
		<name>DogNose</name>
		<pose>Unspecified</pose>
		<truncated>0</truncated>
		<difficult>0</difficult>
		<bndbox>
			<xmin>113</xmin>
			<ymin>319</ymin>
			<xmax>176</xmax>
			<ymax>382</ymax>
		</bndbox>
	</object>
</annotation>
