<annotation>
	<folder>DogNoseDataset</folder>
	<filename>n02097658_2117.jpg</filename>
	<path>/Users/seum/Downloads/DogNoseDataset/n02097658_2117.jpg</path>
	<source>
		<database>Unknown</database>
	</source>
	<size>
		<width>500</width>
		<height>334</height>
		<depth>3</depth>
	</size>
	<segmented>0</segmented>
	<object>
		<name>DogNose</name>
		<pose>Unspecified</pose>
		<truncated>0</truncated>
		<difficult>0</difficult>
		<bndbox>
			<xmin>142</xmin>
			<ymin>178</ymin>
			<xmax>191</xmax>
			<ymax>221</ymax>
		</bndbox>
	</object>
</annotation>
