<annotation>
	<folder>DogNoseDataset</folder>
	<filename>n02099601_2691.jpg</filename>
	<path>/Users/seum/Downloads/DogNoseDataset/n02099601_2691.jpg</path>
	<source>
		<database>Unknown</database>
	</source>
	<size>
		<width>500</width>
		<height>441</height>
		<depth>3</depth>
	</size>
	<segmented>0</segmented>
	<object>
		<name>DogNose</name>
		<pose>Unspecified</pose>
		<truncated>0</truncated>
		<difficult>0</difficult>
		<bndbox>
			<xmin>82</xmin>
			<ymin>172</ymin>
			<xmax>176</xmax>
			<ymax>252</ymax>
		</bndbox>
	</object>
</annotation>
