<annotation>
	<folder>DogNoseDataset</folder>
	<filename>n02093991_1679.jpg</filename>
	<path>/Users/seum/Downloads/DogNoseDataset/n02093991_1679.jpg</path>
	<source>
		<database>Unknown</database>
	</source>
	<size>
		<width>235</width>
		<height>500</height>
		<depth>3</depth>
	</size>
	<segmented>0</segmented>
	<object>
		<name>DogNose</name>
		<pose>Unspecified</pose>
		<truncated>0</truncated>
		<difficult>0</difficult>
		<bndbox>
			<xmin>109</xmin>
			<ymin>189</ymin>
			<xmax>159</xmax>
			<ymax>228</ymax>
		</bndbox>
	</object>
</annotation>
