<annotation>
	<folder>DogNoseDataset</folder>
	<filename>n02097474_5758.jpg</filename>
	<path>/Users/seum/Downloads/DogNoseDataset/n02097474_5758.jpg</path>
	<source>
		<database>Unknown</database>
	</source>
	<size>
		<width>446</width>
		<height>500</height>
		<depth>3</depth>
	</size>
	<segmented>0</segmented>
	<object>
		<name>DogNose</name>
		<pose>Unspecified</pose>
		<truncated>0</truncated>
		<difficult>0</difficult>
		<bndbox>
			<xmin>292</xmin>
			<ymin>253</ymin>
			<xmax>332</xmax>
			<ymax>292</ymax>
		</bndbox>
	</object>
</annotation>
