<annotation>
	<folder>DogNoseDataset</folder>
	<filename>n02092339_31.jpg</filename>
	<path>/Users/seum/Downloads/DogNoseDataset/n02092339_31.jpg</path>
	<source>
		<database>Unknown</database>
	</source>
	<size>
		<width>360</width>
		<height>325</height>
		<depth>3</depth>
	</size>
	<segmented>0</segmented>
	<object>
		<name>DogNose</name>
		<pose>Unspecified</pose>
		<truncated>0</truncated>
		<difficult>0</difficult>
		<bndbox>
			<xmin>148</xmin>
			<ymin>172</ymin>
			<xmax>203</xmax>
			<ymax>217</ymax>
		</bndbox>
	</object>
</annotation>
