<annotation>
	<folder>DogNoseDataset</folder>
	<filename>n02092002_13159.jpg</filename>
	<path>/Users/seum/Downloads/DogNoseDataset/n02092002_13159.jpg</path>
	<source>
		<database>Unknown</database>
	</source>
	<size>
		<width>474</width>
		<height>500</height>
		<depth>3</depth>
	</size>
	<segmented>0</segmented>
	<object>
		<name>DogNose</name>
		<pose>Unspecified</pose>
		<truncated>0</truncated>
		<difficult>0</difficult>
		<bndbox>
			<xmin>35</xmin>
			<ymin>171</ymin>
			<xmax>152</xmax>
			<ymax>261</ymax>
		</bndbox>
	</object>
</annotation>
