<annotation>
	<folder>DogNoseDataset</folder>
	<filename>n02085620_3681.jpg</filename>
	<path>/Users/seum/Downloads/DogNoseDataset/n02085620_3681.jpg</path>
	<source>
		<database>Unknown</database>
	</source>
	<size>
		<width>500</width>
		<height>500</height>
		<depth>3</depth>
	</size>
	<segmented>0</segmented>
	<object>
		<name>DogNose</name>
		<pose>Unspecified</pose>
		<truncated>0</truncated>
		<difficult>0</difficult>
		<bndbox>
			<xmin>239</xmin>
			<ymin>229</ymin>
			<xmax>280</xmax>
			<ymax>261</ymax>
		</bndbox>
	</object>
</annotation>
