<annotation>
	<folder>DogNoseDataset</folder>
	<filename>n02097298_8427.jpg</filename>
	<path>/Users/seum/Downloads/DogNoseDataset/n02097298_8427.jpg</path>
	<source>
		<database>Unknown</database>
	</source>
	<size>
		<width>375</width>
		<height>500</height>
		<depth>3</depth>
	</size>
	<segmented>0</segmented>
	<object>
		<name>DogNose</name>
		<pose>Unspecified</pose>
		<truncated>0</truncated>
		<difficult>0</difficult>
		<bndbox>
			<xmin>107</xmin>
			<ymin>180</ymin>
			<xmax>179</xmax>
			<ymax>238</ymax>
		</bndbox>
	</object>
</annotation>
