<annotation>
	<folder>DogNoseDataset</folder>
	<filename>n02090379_223.jpg</filename>
	<path>/Users/seum/Downloads/DogNoseDataset/n02090379_223.jpg</path>
	<source>
		<database>Unknown</database>
	</source>
	<size>
		<width>375</width>
		<height>500</height>
		<depth>3</depth>
	</size>
	<segmented>0</segmented>
	<object>
		<name>DogNose</name>
		<pose>Unspecified</pose>
		<truncated>0</truncated>
		<difficult>0</difficult>
		<bndbox>
			<xmin>185</xmin>
			<ymin>229</ymin>
			<xmax>232</xmax>
			<ymax>268</ymax>
		</bndbox>
	</object>
</annotation>
