<annotation>
	<folder>DogNoseDataset</folder>
	<filename>n02085782_2549.jpg</filename>
	<path>/Users/seum/Downloads/DogNoseDataset/n02085782_2549.jpg</path>
	<source>
		<database>Unknown</database>
	</source>
	<size>
		<width>350</width>
		<height>369</height>
		<depth>3</depth>
	</size>
	<segmented>0</segmented>
	<object>
		<name>DogNose</name>
		<pose>Unspecified</pose>
		<truncated>0</truncated>
		<difficult>0</difficult>
		<bndbox>
			<xmin>127</xmin>
			<ymin>102</ymin>
			<xmax>168</xmax>
			<ymax>134</ymax>
		</bndbox>
	</object>
</annotation>
