<annotation>
	<folder>DogNoseDataset</folder>
	<filename>n02088364_5572.jpg</filename>
	<path>/Users/seum/Downloads/DogNoseDataset/n02088364_5572.jpg</path>
	<source>
		<database>Unknown</database>
	</source>
	<size>
		<width>489</width>
		<height>500</height>
		<depth>3</depth>
	</size>
	<segmented>0</segmented>
	<object>
		<name>DogNose</name>
		<pose>Unspecified</pose>
		<truncated>0</truncated>
		<difficult>0</difficult>
		<bndbox>
			<xmin>304</xmin>
			<ymin>135</ymin>
			<xmax>360</xmax>
			<ymax>179</ymax>
		</bndbox>
	</object>
</annotation>
