<annotation>
	<folder>DogNoseDataset</folder>
	<filename>n02088364_13428.jpg</filename>
	<path>/Users/seum/Downloads/DogNoseDataset/n02088364_13428.jpg</path>
	<source>
		<database>Unknown</database>
	</source>
	<size>
		<width>400</width>
		<height>500</height>
		<depth>3</depth>
	</size>
	<segmented>0</segmented>
	<object>
		<name>DogNose</name>
		<pose>Unspecified</pose>
		<truncated>0</truncated>
		<difficult>0</difficult>
		<bndbox>
			<xmin>119</xmin>
			<ymin>186</ymin>
			<xmax>181</xmax>
			<ymax>235</ymax>
		</bndbox>
	</object>
</annotation>
