<annotation>
	<folder>DogNoseDataset</folder>
	<filename>n02096294_3866.jpg</filename>
	<path>/Users/seum/Downloads/DogNoseDataset/n02096294_3866.jpg</path>
	<source>
		<database>Unknown</database>
	</source>
	<size>
		<width>400</width>
		<height>395</height>
		<depth>3</depth>
	</size>
	<segmented>0</segmented>
	<object>
		<name>DogNose</name>
		<pose>Unspecified</pose>
		<truncated>0</truncated>
		<difficult>0</difficult>
		<bndbox>
			<xmin>200</xmin>
			<ymin>237</ymin>
			<xmax>240</xmax>
			<ymax>274</ymax>
		</bndbox>
	</object>
</annotation>
