<annotation>
	<folder>DogNoseDataset</folder>
	<filename>n02094258_2191.jpg</filename>
	<path>/Users/seum/Downloads/DogNoseDataset/n02094258_2191.jpg</path>
	<source>
		<database>Unknown</database>
	</source>
	<size>
		<width>500</width>
		<height>374</height>
		<depth>3</depth>
	</size>
	<segmented>0</segmented>
	<object>
		<name>DogNose</name>
		<pose>Unspecified</pose>
		<truncated>0</truncated>
		<difficult>0</difficult>
		<bndbox>
			<xmin>242</xmin>
			<ymin>150</ymin>
			<xmax>306</xmax>
			<ymax>208</ymax>
		</bndbox>
	</object>
</annotation>
