<annotation>
	<folder>DogNoseDataset</folder>
	<filename>n02094258_1106.jpg</filename>
	<path>/Users/seum/Downloads/DogNoseDataset/n02094258_1106.jpg</path>
	<source>
		<database>Unknown</database>
	</source>
	<size>
		<width>500</width>
		<height>376</height>
		<depth>3</depth>
	</size>
	<segmented>0</segmented>
	<object>
		<name>DogNose</name>
		<pose>Unspecified</pose>
		<truncated>0</truncated>
		<difficult>0</difficult>
		<bndbox>
			<xmin>152</xmin>
			<ymin>247</ymin>
			<xmax>211</xmax>
			<ymax>297</ymax>
		</bndbox>
	</object>
</annotation>
