<annotation>
	<folder>DogNoseDataset</folder>
	<filename>n02087046_3490.jpg</filename>
	<path>/Users/seum/Downloads/DogNoseDataset/n02087046_3490.jpg</path>
	<source>
		<database>Unknown</database>
	</source>
	<size>
		<width>368</width>
		<height>500</height>
		<depth>3</depth>
	</size>
	<segmented>0</segmented>
	<object>
		<name>DogNose</name>
		<pose>Unspecified</pose>
		<truncated>0</truncated>
		<difficult>0</difficult>
		<bndbox>
			<xmin>174</xmin>
			<ymin>151</ymin>
			<xmax>212</xmax>
			<ymax>182</ymax>
		</bndbox>
	</object>
</annotation>
