<annotation>
	<folder>DogNoseDataset</folder>
	<filename>n02091635_3379.jpg</filename>
	<path>/Users/seum/Downloads/DogNoseDataset/n02091635_3379.jpg</path>
	<source>
		<database>Unknown</database>
	</source>
	<size>
		<width>256</width>
		<height>211</height>
		<depth>3</depth>
	</size>
	<segmented>0</segmented>
	<object>
		<name>DogNose</name>
		<pose>Unspecified</pose>
		<truncated>0</truncated>
		<difficult>0</difficult>
		<bndbox>
			<xmin>104</xmin>
			<ymin>92</ymin>
			<xmax>137</xmax>
			<ymax>118</ymax>
		</bndbox>
	</object>
</annotation>
