<annotation>
	<folder>dog_image</folder>
	<filename>n02108422_852.jpg</filename>
	<path>/Users/pumpkin/repo/dog_image/n02108422_852.jpg</path>
	<source>
		<database>Unknown</database>
	</source>
	<size>
		<width>200</width>
		<height>215</height>
		<depth>3</depth>
	</size>
	<segmented>0</segmented>
	<object>
		<name>DogNose</name>
		<pose>Unspecified</pose>
		<truncated>0</truncated>
		<difficult>0</difficult>
		<bndbox>
			<xmin>20</xmin>
			<ymin>56</ymin>
			<xmax>59</xmax>
			<ymax>84</ymax>
		</bndbox>
	</object>
</annotation>
