<annotation>
	<folder>dog_image</folder>
	<filename>n02111277_160.jpg</filename>
	<path>/Users/pumpkin/repo/dog_image/n02111277_160.jpg</path>
	<source>
		<database>Unknown</database>
	</source>
	<size>
		<width>290</width>
		<height>228</height>
		<depth>3</depth>
	</size>
	<segmented>0</segmented>
	<object>
		<name>DogNose</name>
		<pose>Unspecified</pose>
		<truncated>0</truncated>
		<difficult>0</difficult>
		<bndbox>
			<xmin>109</xmin>
			<ymin>100</ymin>
			<xmax>164</xmax>
			<ymax>143</ymax>
		</bndbox>
	</object>
</annotation>
