<annotation>
	<folder>DogNoseDataset</folder>
	<filename>n02101006_1832.jpg</filename>
	<path>/Users/seum/Downloads/DogNoseDataset/n02101006_1832.jpg</path>
	<source>
		<database>Unknown</database>
	</source>
	<size>
		<width>378</width>
		<height>504</height>
		<depth>3</depth>
	</size>
	<segmented>0</segmented>
	<object>
		<name>DogNose</name>
		<pose>Unspecified</pose>
		<truncated>0</truncated>
		<difficult>0</difficult>
		<bndbox>
			<xmin>144</xmin>
			<ymin>103</ymin>
			<xmax>193</xmax>
			<ymax>143</ymax>
		</bndbox>
	</object>
</annotation>
