<annotation>
	<folder>DogNoseDataset</folder>
	<filename>n02101006_6342.jpg</filename>
	<path>/Users/seum/Downloads/DogNoseDataset/n02101006_6342.jpg</path>
	<source>
		<database>Unknown</database>
	</source>
	<size>
		<width>335</width>
		<height>500</height>
		<depth>3</depth>
	</size>
	<segmented>0</segmented>
	<object>
		<name>DogNose</name>
		<pose>Unspecified</pose>
		<truncated>0</truncated>
		<difficult>0</difficult>
		<bndbox>
			<xmin>101</xmin>
			<ymin>205</ymin>
			<xmax>163</xmax>
			<ymax>252</ymax>
		</bndbox>
	</object>
</annotation>
