<annotation>
	<folder>dog_image</folder>
	<filename>n02113978_1323.jpg</filename>
	<path>/Users/pumpkin/repo/dog_image/n02113978_1323.jpg</path>
	<source>
		<database>Unknown</database>
	</source>
	<size>
		<width>330</width>
		<height>500</height>
		<depth>3</depth>
	</size>
	<segmented>0</segmented>
	<object>
		<name>DogNose</name>
		<pose>Unspecified</pose>
		<truncated>0</truncated>
		<difficult>0</difficult>
		<bndbox>
			<xmin>203</xmin>
			<ymin>276</ymin>
			<xmax>277</xmax>
			<ymax>345</ymax>
		</bndbox>
	</object>
</annotation>
