<annotation>
	<folder>dog_image</folder>
	<filename>n02111500_1170.jpg</filename>
	<path>/Users/pumpkin/repo/dog_image/n02111500_1170.jpg</path>
	<source>
		<database>Unknown</database>
	</source>
	<size>
		<width>350</width>
		<height>337</height>
		<depth>3</depth>
	</size>
	<segmented>0</segmented>
	<object>
		<name>DogNose</name>
		<pose>Unspecified</pose>
		<truncated>0</truncated>
		<difficult>0</difficult>
		<bndbox>
			<xmin>96</xmin>
			<ymin>126</ymin>
			<xmax>149</xmax>
			<ymax>180</ymax>
		</bndbox>
	</object>
</annotation>
