<annotation>
	<folder>DogNoseDataset</folder>
	<filename>n02102480_6257.jpg</filename>
	<path>/Users/seum/Downloads/DogNoseDataset/n02102480_6257.jpg</path>
	<source>
		<database>Unknown</database>
	</source>
	<size>
		<width>550</width>
		<height>600</height>
		<depth>3</depth>
	</size>
	<segmented>0</segmented>
	<object>
		<name>DogNose</name>
		<pose>Unspecified</pose>
		<truncated>0</truncated>
		<difficult>0</difficult>
		<bndbox>
			<xmin>190</xmin>
			<ymin>218</ymin>
			<xmax>338</xmax>
			<ymax>332</ymax>
		</bndbox>
	</object>
</annotation>
