<annotation>
	<folder>DogNoseDataset</folder>
	<filename>n02105162_10351.jpg</filename>
	<path>/Users/seum/Downloads/DogNoseDataset/n02105162_10351.jpg</path>
	<source>
		<database>Unknown</database>
	</source>
	<size>
		<width>434</width>
		<height>500</height>
		<depth>3</depth>
	</size>
	<segmented>0</segmented>
	<object>
		<name>DogNose</name>
		<pose>Unspecified</pose>
		<truncated>0</truncated>
		<difficult>0</difficult>
		<bndbox>
			<xmin>344</xmin>
			<ymin>324</ymin>
			<xmax>393</xmax>
			<ymax>376</ymax>
		</bndbox>
	</object>
</annotation>
