<annotation>
	<folder>dog_image</folder>
	<filename>n02107908_2719.jpg</filename>
	<path>/Users/pumpkin/repo/dog_image/n02107908_2719.jpg</path>
	<source>
		<database>Unknown</database>
	</source>
	<size>
		<width>500</width>
		<height>354</height>
		<depth>3</depth>
	</size>
	<segmented>0</segmented>
	<object>
		<name>DogNose</name>
		<pose>Unspecified</pose>
		<truncated>0</truncated>
		<difficult>0</difficult>
		<bndbox>
			<xmin>204</xmin>
			<ymin>168</ymin>
			<xmax>269</xmax>
			<ymax>216</ymax>
		</bndbox>
	</object>
</annotation>
