<annotation>
	<folder>dog_image</folder>
	<filename>n02113624_1461.jpg</filename>
	<path>/Users/pumpkin/repo/dog_image/n02113624_1461.jpg</path>
	<source>
		<database>Unknown</database>
	</source>
	<size>
		<width>400</width>
		<height>267</height>
		<depth>3</depth>
	</size>
	<segmented>0</segmented>
	<object>
		<name>DogNose</name>
		<pose>Unspecified</pose>
		<truncated>0</truncated>
		<difficult>0</difficult>
		<bndbox>
			<xmin>172</xmin>
			<ymin>133</ymin>
			<xmax>219</xmax>
			<ymax>171</ymax>
		</bndbox>
	</object>
</annotation>
