<annotation>
	<folder>dog_image</folder>
	<filename>n02108000_2523.jpg</filename>
	<path>/Users/pumpkin/repo/dog_image/n02108000_2523.jpg</path>
	<source>
		<database>Unknown</database>
	</source>
	<size>
		<width>2048</width>
		<height>1536</height>
		<depth>3</depth>
	</size>
	<segmented>0</segmented>
	<object>
		<name>DogNose</name>
		<pose>Unspecified</pose>
		<truncated>0</truncated>
		<difficult>0</difficult>
		<bndbox>
			<xmin>725</xmin>
			<ymin>525</ymin>
			<xmax>1028</xmax>
			<ymax>777</ymax>
		</bndbox>
	</object>
</annotation>
