<annotation>
	<folder>DogNoseDataset</folder>
	<filename>n02105251_6335.jpg</filename>
	<path>/Users/seum/Downloads/DogNoseDataset/n02105251_6335.jpg</path>
	<source>
		<database>Unknown</database>
	</source>
	<size>
		<width>453</width>
		<height>500</height>
		<depth>3</depth>
	</size>
	<segmented>0</segmented>
	<object>
		<name>DogNose</name>
		<pose>Unspecified</pose>
		<truncated>0</truncated>
		<difficult>0</difficult>
		<bndbox>
			<xmin>162</xmin>
			<ymin>195</ymin>
			<xmax>223</xmax>
			<ymax>235</ymax>
		</bndbox>
	</object>
</annotation>
