<annotation>
	<folder>DogNoseDataset</folder>
	<filename>n02101556_5694.jpg</filename>
	<path>/Users/seum/Downloads/DogNoseDataset/n02101556_5694.jpg</path>
	<source>
		<database>Unknown</database>
	</source>
	<size>
		<width>240</width>
		<height>204</height>
		<depth>3</depth>
	</size>
	<segmented>0</segmented>
	<object>
		<name>DogNose</name>
		<pose>Unspecified</pose>
		<truncated>0</truncated>
		<difficult>0</difficult>
		<bndbox>
			<xmin>137</xmin>
			<ymin>79</ymin>
			<xmax>165</xmax>
			<ymax>105</ymax>
		</bndbox>
	</object>
</annotation>
