<annotation>
	<folder>dog_image</folder>
	<filename>n02108000_2792.jpg</filename>
	<path>/Users/pumpkin/repo/dog_image/n02108000_2792.jpg</path>
	<source>
		<database>Unknown</database>
	</source>
	<size>
		<width>608</width>
		<height>611</height>
		<depth>3</depth>
	</size>
	<segmented>0</segmented>
	<object>
		<name>DogNose</name>
		<pose>Unspecified</pose>
		<truncated>0</truncated>
		<difficult>0</difficult>
		<bndbox>
			<xmin>460</xmin>
			<ymin>413</ymin>
			<xmax>577</xmax>
			<ymax>526</ymax>
		</bndbox>
	</object>
</annotation>
