<annotation>
	<folder>dog_image</folder>
	<filename>n02106030_1821.jpg</filename>
	<path>/Users/pumpkin/repo/dog_image/n02106030_1821.jpg</path>
	<source>
		<database>Unknown</database>
	</source>
	<size>
		<width>500</width>
		<height>375</height>
		<depth>3</depth>
	</size>
	<segmented>0</segmented>
	<object>
		<name>DogNose</name>
		<pose>Unspecified</pose>
		<truncated>0</truncated>
		<difficult>0</difficult>
		<bndbox>
			<xmin>226</xmin>
			<ymin>203</ymin>
			<xmax>277</xmax>
			<ymax>244</ymax>
		</bndbox>
	</object>
</annotation>
