<annotation>
	<folder>DogNoseDataset</folder>
	<filename>n02105162_1757.jpg</filename>
	<path>/Users/seum/Downloads/DogNoseDataset/n02105162_1757.jpg</path>
	<source>
		<database>Unknown</database>
	</source>
	<size>
		<width>414</width>
		<height>600</height>
		<depth>3</depth>
	</size>
	<segmented>0</segmented>
	<object>
		<name>DogNose</name>
		<pose>Unspecified</pose>
		<truncated>0</truncated>
		<difficult>0</difficult>
		<bndbox>
			<xmin>115</xmin>
			<ymin>357</ymin>
			<xmax>184</xmax>
			<ymax>413</ymax>
		</bndbox>
	</object>
</annotation>
