<annotation>
	<folder>dog_image</folder>
	<filename>n02113978_2128.jpg</filename>
	<path>/Users/pumpkin/repo/dog_image/n02113978_2128.jpg</path>
	<source>
		<database>Unknown</database>
	</source>
	<size>
		<width>375</width>
		<height>500</height>
		<depth>3</depth>
	</size>
	<segmented>0</segmented>
	<object>
		<name>DogNose</name>
		<pose>Unspecified</pose>
		<truncated>0</truncated>
		<difficult>0</difficult>
		<bndbox>
			<xmin>97</xmin>
			<ymin>303</ymin>
			<xmax>186</xmax>
			<ymax>368</ymax>
		</bndbox>
	</object>
</annotation>
