<annotation>
	<folder>dog_image</folder>
	<filename>n02108551_9913.jpg</filename>
	<path>/Users/pumpkin/repo/dog_image/n02108551_9913.jpg</path>
	<source>
		<database>Unknown</database>
	</source>
	<size>
		<width>463</width>
		<height>500</height>
		<depth>3</depth>
	</size>
	<segmented>0</segmented>
	<object>
		<name>DogNose</name>
		<pose>Unspecified</pose>
		<truncated>0</truncated>
		<difficult>0</difficult>
		<bndbox>
			<xmin>145</xmin>
			<ymin>210</ymin>
			<xmax>232</xmax>
			<ymax>273</ymax>
		</bndbox>
	</object>
</annotation>
