<annotation>
	<folder>dog_image</folder>
	<filename>n02110627_233.jpg</filename>
	<path>/Users/pumpkin/repo/dog_image/n02110627_233.jpg</path>
	<source>
		<database>Unknown</database>
	</source>
	<size>
		<width>171</width>
		<height>200</height>
		<depth>3</depth>
	</size>
	<segmented>0</segmented>
	<object>
		<name>DogNose</name>
		<pose>Unspecified</pose>
		<truncated>0</truncated>
		<difficult>0</difficult>
		<bndbox>
			<xmin>68</xmin>
			<ymin>60</ymin>
			<xmax>89</xmax>
			<ymax>78</ymax>
		</bndbox>
	</object>
</annotation>
