<annotation>
	<folder>DogNoseDataset</folder>
	<filename>n02105251_4569.jpg</filename>
	<path>/Users/seum/Downloads/DogNoseDataset/n02105251_4569.jpg</path>
	<source>
		<database>Unknown</database>
	</source>
	<size>
		<width>206</width>
		<height>189</height>
		<depth>3</depth>
	</size>
	<segmented>0</segmented>
	<object>
		<name>DogNose</name>
		<pose>Unspecified</pose>
		<truncated>0</truncated>
		<difficult>0</difficult>
		<bndbox>
			<xmin>85</xmin>
			<ymin>94</ymin>
			<xmax>110</xmax>
			<ymax>118</ymax>
		</bndbox>
	</object>
</annotation>
