<annotation>
	<folder>dog_image</folder>
	<filename>n02109961_6020.jpg</filename>
	<path>/Users/pumpkin/repo/dog_image/n02109961_6020.jpg</path>
	<source>
		<database>Unknown</database>
	</source>
	<size>
		<width>300</width>
		<height>392</height>
		<depth>3</depth>
	</size>
	<segmented>0</segmented>
	<object>
		<name>DogNose</name>
		<pose>Unspecified</pose>
		<truncated>0</truncated>
		<difficult>0</difficult>
		<bndbox>
			<xmin>94</xmin>
			<ymin>245</ymin>
			<xmax>170</xmax>
			<ymax>317</ymax>
		</bndbox>
	</object>
</annotation>
