<annotation>
	<folder>dog_image</folder>
	<filename>n02106166_6437.jpg</filename>
	<path>/Users/pumpkin/repo/dog_image/n02106166_6437.jpg</path>
	<source>
		<database>Unknown</database>
	</source>
	<size>
		<width>244</width>
		<height>360</height>
		<depth>3</depth>
	</size>
	<segmented>0</segmented>
	<object>
		<name>DogNose</name>
		<pose>Unspecified</pose>
		<truncated>0</truncated>
		<difficult>0</difficult>
		<bndbox>
			<xmin>49</xmin>
			<ymin>135</ymin>
			<xmax>80</xmax>
			<ymax>169</ymax>
		</bndbox>
	</object>
</annotation>
