<annotation>
	<folder>dog_image</folder>
	<filename>n02110185_12498.jpg</filename>
	<path>/Users/pumpkin/repo/dog_image/n02110185_12498.jpg</path>
	<source>
		<database>Unknown</database>
	</source>
	<size>
		<width>351</width>
		<height>360</height>
		<depth>3</depth>
	</size>
	<segmented>0</segmented>
	<object>
		<name>DogNose</name>
		<pose>Unspecified</pose>
		<truncated>0</truncated>
		<difficult>0</difficult>
		<bndbox>
			<xmin>115</xmin>
			<ymin>156</ymin>
			<xmax>166</xmax>
			<ymax>204</ymax>
		</bndbox>
	</object>
</annotation>
