<annotation>
	<folder>dog_image</folder>
	<filename>n02112350_2640.jpg</filename>
	<path>/Users/pumpkin/repo/dog_image/n02112350_2640.jpg</path>
	<source>
		<database>Unknown</database>
	</source>
	<size>
		<width>1000</width>
		<height>821</height>
		<depth>3</depth>
	</size>
	<segmented>0</segmented>
	<object>
		<name>DogNose</name>
		<pose>Unspecified</pose>
		<truncated>0</truncated>
		<difficult>0</difficult>
		<bndbox>
			<xmin>491</xmin>
			<ymin>227</ymin>
			<xmax>585</xmax>
			<ymax>303</ymax>
		</bndbox>
	</object>
</annotation>
