<annotation>
	<folder>DogNoseDataset</folder>
	<filename>n02102318_3429.jpg</filename>
	<path>/Users/seum/Downloads/DogNoseDataset/n02102318_3429.jpg</path>
	<source>
		<database>Unknown</database>
	</source>
	<size>
		<width>375</width>
		<height>500</height>
		<depth>3</depth>
	</size>
	<segmented>0</segmented>
	<object>
		<name>DogNose</name>
		<pose>Unspecified</pose>
		<truncated>0</truncated>
		<difficult>0</difficult>
		<bndbox>
			<xmin>168</xmin>
			<ymin>204</ymin>
			<xmax>290</xmax>
			<ymax>316</ymax>
		</bndbox>
	</object>
</annotation>
