<annotation>
	<folder>dog_image</folder>
	<filename>n02107574_1597.jpg</filename>
	<path>/Users/pumpkin/repo/dog_image/n02107574_1597.jpg</path>
	<source>
		<database>Unknown</database>
	</source>
	<size>
		<width>500</width>
		<height>399</height>
		<depth>3</depth>
	</size>
	<segmented>0</segmented>
	<object>
		<name>DogNose</name>
		<pose>Unspecified</pose>
		<truncated>0</truncated>
		<difficult>0</difficult>
		<bndbox>
			<xmin>158</xmin>
			<ymin>197</ymin>
			<xmax>261</xmax>
			<ymax>288</ymax>
		</bndbox>
	</object>
</annotation>
