<annotation>
	<folder>dog_image</folder>
	<filename>n02106030_17752.jpg</filename>
	<path>/Users/pumpkin/repo/dog_image/n02106030_17752.jpg</path>
	<source>
		<database>Unknown</database>
	</source>
	<size>
		<width>500</width>
		<height>364</height>
		<depth>3</depth>
	</size>
	<segmented>0</segmented>
	<object>
		<name>DogNose</name>
		<pose>Unspecified</pose>
		<truncated>0</truncated>
		<difficult>0</difficult>
		<bndbox>
			<xmin>133</xmin>
			<ymin>209</ymin>
			<xmax>198</xmax>
			<ymax>259</ymax>
		</bndbox>
	</object>
</annotation>
