<annotation>
	<folder>dog_image</folder>
	<filename>n02108089_1367.jpg</filename>
	<path>/Users/pumpkin/repo/dog_image/n02108089_1367.jpg</path>
	<source>
		<database>Unknown</database>
	</source>
	<size>
		<width>500</width>
		<height>356</height>
		<depth>3</depth>
	</size>
	<segmented>0</segmented>
	<object>
		<name>DogNose</name>
		<pose>Unspecified</pose>
		<truncated>0</truncated>
		<difficult>0</difficult>
		<bndbox>
			<xmin>152</xmin>
			<ymin>187</ymin>
			<xmax>232</xmax>
			<ymax>237</ymax>
		</bndbox>
	</object>
</annotation>
