<annotation>
	<folder>DogNoseDataset</folder>
	<filename>n02105162_6489.jpg</filename>
	<path>/Users/seum/Downloads/DogNoseDataset/n02105162_6489.jpg</path>
	<source>
		<database>Unknown</database>
	</source>
	<size>
		<width>332</width>
		<height>500</height>
		<depth>3</depth>
	</size>
	<segmented>0</segmented>
	<object>
		<name>DogNose</name>
		<pose>Unspecified</pose>
		<truncated>0</truncated>
		<difficult>0</difficult>
		<bndbox>
			<xmin>38</xmin>
			<ymin>222</ymin>
			<xmax>107</xmax>
			<ymax>291</ymax>
		</bndbox>
	</object>
</annotation>
