<annotation>
	<folder>dog_image</folder>
	<filename>n02109961_2369.jpg</filename>
	<path>/Users/pumpkin/repo/dog_image/n02109961_2369.jpg</path>
	<source>
		<database>Unknown</database>
	</source>
	<size>
		<width>500</width>
		<height>414</height>
		<depth>3</depth>
	</size>
	<segmented>0</segmented>
	<object>
		<name>DogNose</name>
		<pose>Unspecified</pose>
		<truncated>0</truncated>
		<difficult>0</difficult>
		<bndbox>
			<xmin>149</xmin>
			<ymin>227</ymin>
			<xmax>251</xmax>
			<ymax>322</ymax>
		</bndbox>
	</object>
</annotation>
