<annotation>
	<folder>DogNoseDataset</folder>
	<filename>n02105056_5869.jpg</filename>
	<path>/Users/seum/Downloads/DogNoseDataset/n02105056_5869.jpg</path>
	<source>
		<database>Unknown</database>
	</source>
	<size>
		<width>357</width>
		<height>500</height>
		<depth>3</depth>
	</size>
	<segmented>0</segmented>
	<object>
		<name>DogNose</name>
		<pose>Unspecified</pose>
		<truncated>0</truncated>
		<difficult>0</difficult>
		<bndbox>
			<xmin>132</xmin>
			<ymin>256</ymin>
			<xmax>175</xmax>
			<ymax>286</ymax>
		</bndbox>
	</object>
</annotation>
