<annotation>
	<folder>dog_image</folder>
	<filename>n02112706_1072.jpg</filename>
	<path>/Users/pumpkin/repo/dog_image/n02112706_1072.jpg</path>
	<source>
		<database>Unknown</database>
	</source>
	<size>
		<width>305</width>
		<height>230</height>
		<depth>3</depth>
	</size>
	<segmented>0</segmented>
	<object>
		<name>DogNose</name>
		<pose>Unspecified</pose>
		<truncated>0</truncated>
		<difficult>0</difficult>
		<bndbox>
			<xmin>94</xmin>
			<ymin>101</ymin>
			<xmax>149</xmax>
			<ymax>137</ymax>
		</bndbox>
	</object>
</annotation>
