<annotation>
	<folder>DogNoseDataset</folder>
	<filename>n02105162_4738.jpg</filename>
	<path>/Users/seum/Downloads/DogNoseDataset/n02105162_4738.jpg</path>
	<source>
		<database>Unknown</database>
	</source>
	<size>
		<width>375</width>
		<height>500</height>
		<depth>3</depth>
	</size>
	<segmented>0</segmented>
	<object>
		<name>DogNose</name>
		<pose>Unspecified</pose>
		<truncated>0</truncated>
		<difficult>0</difficult>
		<bndbox>
			<xmin>258</xmin>
			<ymin>291</ymin>
			<xmax>333</xmax>
			<ymax>366</ymax>
		</bndbox>
	</object>
</annotation>
