<annotation>
	<folder>dog_image</folder>
	<filename>n02108000_31.jpg</filename>
	<path>/Users/pumpkin/repo/dog_image/n02108000_31.jpg</path>
	<source>
		<database>Unknown</database>
	</source>
	<size>
		<width>450</width>
		<height>300</height>
		<depth>3</depth>
	</size>
	<segmented>0</segmented>
	<object>
		<name>DogNose</name>
		<pose>Unspecified</pose>
		<truncated>0</truncated>
		<difficult>0</difficult>
		<bndbox>
			<xmin>173</xmin>
			<ymin>158</ymin>
			<xmax>233</xmax>
			<ymax>218</ymax>
		</bndbox>
	</object>
</annotation>
