<annotation>
	<folder>DogNoseDataset</folder>
	<filename>n02101006_2907.jpg</filename>
	<path>/Users/seum/Downloads/DogNoseDataset/n02101006_2907.jpg</path>
	<source>
		<database>Unknown</database>
	</source>
	<size>
		<width>252</width>
		<height>381</height>
		<depth>3</depth>
	</size>
	<segmented>0</segmented>
	<object>
		<name>DogNose</name>
		<pose>Unspecified</pose>
		<truncated>0</truncated>
		<difficult>0</difficult>
		<bndbox>
			<xmin>36</xmin>
			<ymin>107</ymin>
			<xmax>77</xmax>
			<ymax>144</ymax>
		</bndbox>
	</object>
</annotation>
