<annotation>
	<folder>DogNoseDataset</folder>
	<filename>n02101388_2076.jpg</filename>
	<path>/Users/seum/Downloads/DogNoseDataset/n02101388_2076.jpg</path>
	<source>
		<database>Unknown</database>
	</source>
	<size>
		<width>500</width>
		<height>375</height>
		<depth>3</depth>
	</size>
	<segmented>0</segmented>
	<object>
		<name>DogNose</name>
		<pose>Unspecified</pose>
		<truncated>0</truncated>
		<difficult>0</difficult>
		<bndbox>
			<xmin>293</xmin>
			<ymin>13</ymin>
			<xmax>450</xmax>
			<ymax>204</ymax>
		</bndbox>
	</object>
</annotation>
