<annotation>
	<folder>DogNoseDataset</folder>
	<filename>n02104365_7377.jpg</filename>
	<path>/Users/seum/Downloads/DogNoseDataset/n02104365_7377.jpg</path>
	<source>
		<database>Unknown</database>
	</source>
	<size>
		<width>500</width>
		<height>335</height>
		<depth>3</depth>
	</size>
	<segmented>0</segmented>
	<object>
		<name>DogNose</name>
		<pose>Unspecified</pose>
		<truncated>0</truncated>
		<difficult>0</difficult>
		<bndbox>
			<xmin>222</xmin>
			<ymin>214</ymin>
			<xmax>266</xmax>
			<ymax>253</ymax>
		</bndbox>
	</object>
</annotation>
