<annotation>
	<folder>DogNoseDataset</folder>
	<filename>n02105412_4674.jpg</filename>
	<path>/Users/seum/Downloads/DogNoseDataset/n02105412_4674.jpg</path>
	<source>
		<database>Unknown</database>
	</source>
	<size>
		<width>500</width>
		<height>480</height>
		<depth>3</depth>
	</size>
	<segmented>0</segmented>
	<object>
		<name>DogNose</name>
		<pose>Unspecified</pose>
		<truncated>0</truncated>
		<difficult>0</difficult>
		<bndbox>
			<xmin>161</xmin>
			<ymin>330</ymin>
			<xmax>236</xmax>
			<ymax>397</ymax>
		</bndbox>
	</object>
</annotation>
