<annotation>
	<folder>dog_image</folder>
	<filename>n02113624_7504.jpg</filename>
	<path>/Users/pumpkin/repo/dog_image/n02113624_7504.jpg</path>
	<source>
		<database>Unknown</database>
	</source>
	<size>
		<width>570</width>
		<height>613</height>
		<depth>3</depth>
	</size>
	<segmented>0</segmented>
	<object>
		<name>DogNose</name>
		<pose>Unspecified</pose>
		<truncated>0</truncated>
		<difficult>0</difficult>
		<bndbox>
			<xmin>308</xmin>
			<ymin>386</ymin>
			<xmax>367</xmax>
			<ymax>435</ymax>
		</bndbox>
	</object>
</annotation>
