<annotation>
	<folder>dog_image</folder>
	<filename>n02112706_2027.jpg</filename>
	<path>/Users/pumpkin/repo/dog_image/n02112706_2027.jpg</path>
	<source>
		<database>Unknown</database>
	</source>
	<size>
		<width>486</width>
		<height>730</height>
		<depth>3</depth>
	</size>
	<segmented>0</segmented>
	<object>
		<name>DogNose</name>
		<pose>Unspecified</pose>
		<truncated>0</truncated>
		<difficult>0</difficult>
		<bndbox>
			<xmin>138</xmin>
			<ymin>309</ymin>
			<xmax>228</xmax>
			<ymax>378</ymax>
		</bndbox>
	</object>
</annotation>
