<annotation>
	<folder>DogNoseDataset</folder>
	<filename>n02105056_7314.jpg</filename>
	<path>/Users/seum/Downloads/DogNoseDataset/n02105056_7314.jpg</path>
	<source>
		<database>Unknown</database>
	</source>
	<size>
		<width>357</width>
		<height>500</height>
		<depth>3</depth>
	</size>
	<segmented>0</segmented>
	<object>
		<name>DogNose</name>
		<pose>Unspecified</pose>
		<truncated>0</truncated>
		<difficult>0</difficult>
		<bndbox>
			<xmin>124</xmin>
			<ymin>357</ymin>
			<xmax>172</xmax>
			<ymax>396</ymax>
		</bndbox>
	</object>
</annotation>
