<annotation>
	<folder>DogNoseDataset</folder>
	<filename>n02100735_4857.jpg</filename>
	<path>/Users/seum/Downloads/DogNoseDataset/n02100735_4857.jpg</path>
	<source>
		<database>Unknown</database>
	</source>
	<size>
		<width>190</width>
		<height>227</height>
		<depth>3</depth>
	</size>
	<segmented>0</segmented>
	<object>
		<name>DogNose</name>
		<pose>Unspecified</pose>
		<truncated>0</truncated>
		<difficult>0</difficult>
		<bndbox>
			<xmin>34</xmin>
			<ymin>123</ymin>
			<xmax>73</xmax>
			<ymax>156</ymax>
		</bndbox>
	</object>
</annotation>
