<annotation>
	<folder>dog_image</folder>
	<filename>n02113624_70.jpg</filename>
	<path>/Users/pumpkin/repo/dog_image/n02113624_70.jpg</path>
	<source>
		<database>Unknown</database>
	</source>
	<size>
		<width>360</width>
		<height>348</height>
		<depth>3</depth>
	</size>
	<segmented>0</segmented>
	<object>
		<name>DogNose</name>
		<pose>Unspecified</pose>
		<truncated>0</truncated>
		<difficult>0</difficult>
		<bndbox>
			<xmin>184</xmin>
			<ymin>121</ymin>
			<xmax>241</xmax>
			<ymax>161</ymax>
		</bndbox>
	</object>
</annotation>
