<annotation>
	<folder>dog_image</folder>
	<filename>n02108000_1885.jpg</filename>
	<path>/Users/pumpkin/repo/dog_image/n02108000_1885.jpg</path>
	<source>
		<database>Unknown</database>
	</source>
	<size>
		<width>1280</width>
		<height>1024</height>
		<depth>3</depth>
	</size>
	<segmented>0</segmented>
	<object>
		<name>DogNose</name>
		<pose>Unspecified</pose>
		<truncated>0</truncated>
		<difficult>0</difficult>
		<bndbox>
			<xmin>512</xmin>
			<ymin>659</ymin>
			<xmax>684</xmax>
			<ymax>809</ymax>
		</bndbox>
	</object>
</annotation>
