<annotation>
	<folder>dog_image</folder>
	<filename>n02106662_14247.jpg</filename>
	<path>/Users/pumpkin/repo/dog_image/n02106662_14247.jpg</path>
	<source>
		<database>Unknown</database>
	</source>
	<size>
		<width>362</width>
		<height>500</height>
		<depth>3</depth>
	</size>
	<segmented>0</segmented>
	<object>
		<name>DogNose</name>
		<pose>Unspecified</pose>
		<truncated>0</truncated>
		<difficult>0</difficult>
		<bndbox>
			<xmin>125</xmin>
			<ymin>262</ymin>
			<xmax>260</xmax>
			<ymax>370</ymax>
		</bndbox>
	</object>
</annotation>
