<annotation>
	<folder>dog_image</folder>
	<filename>n02113023_6015.jpg</filename>
	<path>/Users/pumpkin/repo/dog_image/n02113023_6015.jpg</path>
	<source>
		<database>Unknown</database>
	</source>
	<size>
		<width>400</width>
		<height>449</height>
		<depth>3</depth>
	</size>
	<segmented>0</segmented>
	<object>
		<name>DogNose</name>
		<pose>Unspecified</pose>
		<truncated>0</truncated>
		<difficult>0</difficult>
		<bndbox>
			<xmin>234</xmin>
			<ymin>216</ymin>
			<xmax>281</xmax>
			<ymax>259</ymax>
		</bndbox>
	</object>
</annotation>
