<annotation>
	<folder>DogNoseDataset</folder>
	<filename>n02105162_854.jpg</filename>
	<path>/Users/seum/Downloads/DogNoseDataset/n02105162_854.jpg</path>
	<source>
		<database>Unknown</database>
	</source>
	<size>
		<width>261</width>
		<height>319</height>
		<depth>3</depth>
	</size>
	<segmented>0</segmented>
	<object>
		<name>DogNose</name>
		<pose>Unspecified</pose>
		<truncated>0</truncated>
		<difficult>0</difficult>
		<bndbox>
			<xmin>92</xmin>
			<ymin>103</ymin>
			<xmax>119</xmax>
			<ymax>121</ymax>
		</bndbox>
	</object>
</annotation>
