<annotation>
	<folder>DogNoseDataset</folder>
	<filename>n02102480_5070.jpg</filename>
	<path>/Users/seum/Downloads/DogNoseDataset/n02102480_5070.jpg</path>
	<source>
		<database>Unknown</database>
	</source>
	<size>
		<width>967</width>
		<height>900</height>
		<depth>3</depth>
	</size>
	<segmented>0</segmented>
	<object>
		<name>DogNose</name>
		<pose>Unspecified</pose>
		<truncated>0</truncated>
		<difficult>0</difficult>
		<bndbox>
			<xmin>78</xmin>
			<ymin>387</ymin>
			<xmax>249</xmax>
			<ymax>546</ymax>
		</bndbox>
	</object>
</annotation>
