<annotation>
	<folder>DogNoseDataset</folder>
	<filename>n02100236_2493.jpg</filename>
	<path>/Users/seum/Downloads/DogNoseDataset/n02100236_2493.jpg</path>
	<source>
		<database>Unknown</database>
	</source>
	<size>
		<width>369</width>
		<height>500</height>
		<depth>3</depth>
	</size>
	<segmented>0</segmented>
	<object>
		<name>DogNose</name>
		<pose>Unspecified</pose>
		<truncated>0</truncated>
		<difficult>0</difficult>
		<bndbox>
			<xmin>257</xmin>
			<ymin>106</ymin>
			<xmax>334</xmax>
			<ymax>190</ymax>
		</bndbox>
	</object>
</annotation>
