<annotation>
	<folder>DogNoseDataset</folder>
	<filename>n02105056_3599.jpg</filename>
	<path>/Users/seum/Downloads/DogNoseDataset/n02105056_3599.jpg</path>
	<source>
		<database>Unknown</database>
	</source>
	<size>
		<width>480</width>
		<height>413</height>
		<depth>3</depth>
	</size>
	<segmented>0</segmented>
	<object>
		<name>DogNose</name>
		<pose>Unspecified</pose>
		<truncated>0</truncated>
		<difficult>0</difficult>
		<bndbox>
			<xmin>204</xmin>
			<ymin>250</ymin>
			<xmax>251</xmax>
			<ymax>291</ymax>
		</bndbox>
	</object>
</annotation>
