<annotation>
	<folder>DogNoseDataset</folder>
	<filename>n02100877_3195.jpg</filename>
	<path>/Users/seum/Downloads/DogNoseDataset/n02100877_3195.jpg</path>
	<source>
		<database>Unknown</database>
	</source>
	<size>
		<width>392</width>
		<height>500</height>
		<depth>3</depth>
	</size>
	<segmented>0</segmented>
	<object>
		<name>DogNose</name>
		<pose>Unspecified</pose>
		<truncated>0</truncated>
		<difficult>0</difficult>
		<bndbox>
			<xmin>40</xmin>
			<ymin>249</ymin>
			<xmax>103</xmax>
			<ymax>302</ymax>
		</bndbox>
	</object>
</annotation>
