<annotation>
	<folder>DogNoseDataset</folder>
	<filename>n02102318_10818.jpg</filename>
	<path>/Users/seum/Downloads/DogNoseDataset/n02102318_10818.jpg</path>
	<source>
		<database>Unknown</database>
	</source>
	<size>
		<width>409</width>
		<height>500</height>
		<depth>3</depth>
	</size>
	<segmented>0</segmented>
	<object>
		<name>DogNose</name>
		<pose>Unspecified</pose>
		<truncated>0</truncated>
		<difficult>0</difficult>
		<bndbox>
			<xmin>118</xmin>
			<ymin>192</ymin>
			<xmax>207</xmax>
			<ymax>289</ymax>
		</bndbox>
	</object>
</annotation>
