<annotation>
	<folder>dog_image</folder>
	<filename>n02107574_599.jpg</filename>
	<path>/Users/pumpkin/repo/dog_image/n02107574_599.jpg</path>
	<source>
		<database>Unknown</database>
	</source>
	<size>
		<width>225</width>
		<height>225</height>
		<depth>3</depth>
	</size>
	<segmented>0</segmented>
	<object>
		<name>DogNose</name>
		<pose>Unspecified</pose>
		<truncated>0</truncated>
		<difficult>0</difficult>
		<bndbox>
			<xmin>14</xmin>
			<ymin>124</ymin>
			<xmax>52</xmax>
			<ymax>162</ymax>
		</bndbox>
	</object>
</annotation>
