<annotation>
	<folder>dog_image</folder>
	<filename>n02108000_398.jpg</filename>
	<path>/Users/pumpkin/repo/dog_image/n02108000_398.jpg</path>
	<source>
		<database>Unknown</database>
	</source>
	<size>
		<width>300</width>
		<height>300</height>
		<depth>3</depth>
	</size>
	<segmented>0</segmented>
	<object>
		<name>DogNose</name>
		<pose>Unspecified</pose>
		<truncated>0</truncated>
		<difficult>0</difficult>
		<bndbox>
			<xmin>153</xmin>
			<ymin>119</ymin>
			<xmax>219</xmax>
			<ymax>174</ymax>
		</bndbox>
	</object>
</annotation>
