<annotation>
	<folder>dog_image</folder>
	<filename>n02113023_3337.jpg</filename>
	<path>/Users/pumpkin/repo/dog_image/n02113023_3337.jpg</path>
	<source>
		<database>Unknown</database>
	</source>
	<size>
		<width>411</width>
		<height>500</height>
		<depth>3</depth>
	</size>
	<segmented>0</segmented>
	<object>
		<name>DogNose</name>
		<pose>Unspecified</pose>
		<truncated>0</truncated>
		<difficult>0</difficult>
		<bndbox>
			<xmin>230</xmin>
			<ymin>232</ymin>
			<xmax>303</xmax>
			<ymax>296</ymax>
		</bndbox>
	</object>
</annotation>
