<annotation>
	<folder>dog_image</folder>
	<filename>n02107574_2474.jpg</filename>
	<path>/Users/pumpkin/repo/dog_image/n02107574_2474.jpg</path>
	<source>
		<database>Unknown</database>
	</source>
	<size>
		<width>375</width>
		<height>500</height>
		<depth>3</depth>
	</size>
	<segmented>0</segmented>
	<object>
		<name>DogNose</name>
		<pose>Unspecified</pose>
		<truncated>0</truncated>
		<difficult>0</difficult>
		<bndbox>
			<xmin>102</xmin>
			<ymin>173</ymin>
			<xmax>180</xmax>
			<ymax>241</ymax>
		</bndbox>
	</object>
</annotation>
