<annotation>
	<folder>dog_image</folder>
	<filename>n02113624_5659.jpg</filename>
	<path>/Users/pumpkin/repo/dog_image/n02113624_5659.jpg</path>
	<source>
		<database>Unknown</database>
	</source>
	<size>
		<width>334</width>
		<height>500</height>
		<depth>3</depth>
	</size>
	<segmented>0</segmented>
	<object>
		<name>DogNose</name>
		<pose>Unspecified</pose>
		<truncated>0</truncated>
		<difficult>0</difficult>
		<bndbox>
			<xmin>116</xmin>
			<ymin>180</ymin>
			<xmax>162</xmax>
			<ymax>216</ymax>
		</bndbox>
	</object>
</annotation>
