<annotation>
	<folder>dog_image</folder>
	<filename>n02109961_1613.jpg</filename>
	<path>/Users/pumpkin/repo/dog_image/n02109961_1613.jpg</path>
	<source>
		<database>Unknown</database>
	</source>
	<size>
		<width>204</width>
		<height>215</height>
		<depth>3</depth>
	</size>
	<segmented>0</segmented>
	<object>
		<name>DogNose</name>
		<pose>Unspecified</pose>
		<truncated>0</truncated>
		<difficult>0</difficult>
		<bndbox>
			<xmin>81</xmin>
			<ymin>126</ymin>
			<xmax>123</xmax>
			<ymax>160</ymax>
		</bndbox>
	</object>
</annotation>
