<annotation>
	<folder>DogNoseDataset</folder>
	<filename>n02105641_3724.jpg</filename>
	<path>/Users/seum/Downloads/DogNoseDataset/n02105641_3724.jpg</path>
	<source>
		<database>Unknown</database>
	</source>
	<size>
		<width>375</width>
		<height>500</height>
		<depth>3</depth>
	</size>
	<segmented>0</segmented>
	<object>
		<name>DogNose</name>
		<pose>Unspecified</pose>
		<truncated>0</truncated>
		<difficult>0</difficult>
		<bndbox>
			<xmin>104</xmin>
			<ymin>138</ymin>
			<xmax>160</xmax>
			<ymax>184</ymax>
		</bndbox>
	</object>
</annotation>
