<annotation>
	<folder>DogNoseDataset</folder>
	<filename>n02100236_1448.jpg</filename>
	<path>/Users/seum/Downloads/DogNoseDataset/n02100236_1448.jpg</path>
	<source>
		<database>Unknown</database>
	</source>
	<size>
		<width>163</width>
		<height>250</height>
		<depth>3</depth>
	</size>
	<segmented>0</segmented>
	<object>
		<name>DogNose</name>
		<pose>Unspecified</pose>
		<truncated>0</truncated>
		<difficult>0</difficult>
		<bndbox>
			<xmin>50</xmin>
			<ymin>94</ymin>
			<xmax>78</xmax>
			<ymax>122</ymax>
		</bndbox>
	</object>
</annotation>
