<annotation>
	<folder>dog_image</folder>
	<filename>n02108000_25.jpg</filename>
	<path>/Users/pumpkin/repo/dog_image/n02108000_25.jpg</path>
	<source>
		<database>Unknown</database>
	</source>
	<size>
		<width>307</width>
		<height>350</height>
		<depth>3</depth>
	</size>
	<segmented>0</segmented>
	<object>
		<name>DogNose</name>
		<pose>Unspecified</pose>
		<truncated>0</truncated>
		<difficult>0</difficult>
		<bndbox>
			<xmin>88</xmin>
			<ymin>137</ymin>
			<xmax>146</xmax>
			<ymax>190</ymax>
		</bndbox>
	</object>
</annotation>
