<annotation>
	<folder>DogNoseDataset</folder>
	<filename>n02101388_2565.jpg</filename>
	<path>/Users/seum/Downloads/DogNoseDataset/n02101388_2565.jpg</path>
	<source>
		<database>Unknown</database>
	</source>
	<size>
		<width>458</width>
		<height>500</height>
		<depth>3</depth>
	</size>
	<segmented>0</segmented>
	<object>
		<name>DogNose</name>
		<pose>Unspecified</pose>
		<truncated>0</truncated>
		<difficult>0</difficult>
		<bndbox>
			<xmin>229</xmin>
			<ymin>106</ymin>
			<xmax>310</xmax>
			<ymax>165</ymax>
		</bndbox>
	</object>
</annotation>
