<annotation>
	<folder>dog_image</folder>
	<filename>n02112706_277.jpg</filename>
	<path>/Users/pumpkin/repo/dog_image/n02112706_277.jpg</path>
	<source>
		<database>Unknown</database>
	</source>
	<size>
		<width>300</width>
		<height>262</height>
		<depth>3</depth>
	</size>
	<segmented>0</segmented>
	<object>
		<name>DogNose</name>
		<pose>Unspecified</pose>
		<truncated>0</truncated>
		<difficult>0</difficult>
		<bndbox>
			<xmin>117</xmin>
			<ymin>160</ymin>
			<xmax>158</xmax>
			<ymax>201</ymax>
		</bndbox>
	</object>
</annotation>
