<annotation>
	<folder>dog_image</folder>
	<filename>n02107683_4410.jpg</filename>
	<path>/Users/pumpkin/repo/dog_image/n02107683_4410.jpg</path>
	<source>
		<database>Unknown</database>
	</source>
	<size>
		<width>335</width>
		<height>441</height>
		<depth>3</depth>
	</size>
	<segmented>0</segmented>
	<object>
		<name>DogNose</name>
		<pose>Unspecified</pose>
		<truncated>0</truncated>
		<difficult>0</difficult>
		<bndbox>
			<xmin>112</xmin>
			<ymin>167</ymin>
			<xmax>185</xmax>
			<ymax>233</ymax>
		</bndbox>
	</object>
</annotation>
