<annotation>
	<folder>DogNoseDataset</folder>
	<filename>n02101556_5318.jpg</filename>
	<path>/Users/seum/Downloads/DogNoseDataset/n02101556_5318.jpg</path>
	<source>
		<database>Unknown</database>
	</source>
	<size>
		<width>538</width>
		<height>600</height>
		<depth>3</depth>
	</size>
	<segmented>0</segmented>
	<object>
		<name>DogNose</name>
		<pose>Unspecified</pose>
		<truncated>0</truncated>
		<difficult>0</difficult>
		<bndbox>
			<xmin>401</xmin>
			<ymin>145</ymin>
			<xmax>469</xmax>
			<ymax>212</ymax>
		</bndbox>
	</object>
</annotation>
