<annotation>
	<folder>DogNoseDataset</folder>
	<filename>n02105056_5515.jpg</filename>
	<path>/Users/seum/Downloads/DogNoseDataset/n02105056_5515.jpg</path>
	<source>
		<database>Unknown</database>
	</source>
	<size>
		<width>333</width>
		<height>500</height>
		<depth>3</depth>
	</size>
	<segmented>0</segmented>
	<object>
		<name>DogNose</name>
		<pose>Unspecified</pose>
		<truncated>0</truncated>
		<difficult>0</difficult>
		<bndbox>
			<xmin>219</xmin>
			<ymin>374</ymin>
			<xmax>270</xmax>
			<ymax>425</ymax>
		</bndbox>
	</object>
</annotation>
