<annotation>
	<folder>dog_image</folder>
	<filename>n02108422_844.jpg</filename>
	<path>/Users/pumpkin/repo/dog_image/n02108422_844.jpg</path>
	<source>
		<database>Unknown</database>
	</source>
	<size>
		<width>346</width>
		<height>439</height>
		<depth>3</depth>
	</size>
	<segmented>0</segmented>
	<object>
		<name>DogNose</name>
		<pose>Unspecified</pose>
		<truncated>0</truncated>
		<difficult>0</difficult>
		<bndbox>
			<xmin>134</xmin>
			<ymin>112</ymin>
			<xmax>200</xmax>
			<ymax>163</ymax>
		</bndbox>
	</object>
</annotation>
