<annotation>
	<folder>dog_image</folder>
	<filename>n02112706_16.jpg</filename>
	<path>/Users/pumpkin/repo/dog_image/n02112706_16.jpg</path>
	<source>
		<database>Unknown</database>
	</source>
	<size>
		<width>218</width>
		<height>399</height>
		<depth>3</depth>
	</size>
	<segmented>0</segmented>
	<object>
		<name>DogNose</name>
		<pose>Unspecified</pose>
		<truncated>0</truncated>
		<difficult>0</difficult>
		<bndbox>
			<xmin>105</xmin>
			<ymin>41</ymin>
			<xmax>141</xmax>
			<ymax>72</ymax>
		</bndbox>
	</object>
</annotation>
