<annotation>
	<folder>DogNoseDataset</folder>
	<filename>n02102973_645.jpg</filename>
	<path>/Users/seum/Downloads/DogNoseDataset/n02102973_645.jpg</path>
	<source>
		<database>Unknown</database>
	</source>
	<size>
		<width>400</width>
		<height>300</height>
		<depth>3</depth>
	</size>
	<segmented>0</segmented>
	<object>
		<name>DogNose</name>
		<pose>Unspecified</pose>
		<truncated>0</truncated>
		<difficult>0</difficult>
		<bndbox>
			<xmin>90</xmin>
			<ymin>119</ymin>
			<xmax>165</xmax>
			<ymax>184</ymax>
		</bndbox>
	</object>
</annotation>
